<?xml version="1.0" encoding="UTF-8"?>

<!--

    Copyright (c) 2017-2019 MuK IT GmbH.

    This file is part of MuK Documents View 
    (see https://mukit.at).

    This program is free software: you can redistribute it and/or modify
    it under the terms of the GNU Lesser General Public License as published by
    the Free Software Foundation, either version 3 of the License, or
    (at your option) any later version.

    This program is distributed in the hope that it will be useful,
    but WITHOUT ANY WARRANTY; without even the implied warranty of
    MERCHANTABILITY or FITNESS FOR A PARTICULAR PURPOSE.  See the
    GNU Lesser General Public License for more details.

    You should have received a copy of the GNU Lesser General Public License
    along with this program. If not, see <http://www.gnu.org/licenses/>.

  -->

<templates xml:space="preserve">

	<t t-name="muk_dms.DocumentDropFileDialog">
    	<div class="mk_dropdialog">
        	<form t-att-action="url" class="dropzone" id="mk_document_replace">
				<div class="fallback">
			    	<input name="file" type="file" />
			  	</div>
			  	<input type="hidden" name="csrf_token" t-att-value="csrf_token"/>
			</form>
        </div>
    </t>
    
    <t t-name="muk_dms.DocumentDropFilesDialog">
    	<div class="mk_dropdialog">
        	<form t-att-action="url" class="dropzone" id="mk_document_upload">
				<div class="fallback">
			    	<input name="file" type="file" />
			  	</div>
			  	<input type="hidden" name="csrf_token" t-att-value="csrf_token"/>
			</form>
        </div>
    </t>
    
</templates>