<?xml version="1.0" encoding="UTF-8"?>

<!--

    Copyright (c) 2017-2019 MuK IT GmbH.

    This file is part of MuK Documents View 
    (see https://mukit.at).

    This program is free software: you can redistribute it and/or modify
    it under the terms of the GNU Lesser General Public License as published by
    the Free Software Foundation, either version 3 of the License, or
    (at your option) any later version.

    This program is distributed in the hope that it will be useful,
    but WITHOUT ANY WARRANTY; without even the implied warranty of
    MERCHANTABILITY or FITNESS FOR A PARTICULAR PURPOSE.  See the
    GNU Lesser General Public License for more details.

    You should have received a copy of the GNU Lesser General Public License
    along with this program. If not, see <http://www.gnu.org/licenses/>.

  -->

<templates xml:space="preserve">
	
	<t t-name="muk_dms.DocumentTreeView">
        <div class="mk_treeview">
            <div class="container-fluid mk_document_container ">
                <div class="row mk_document_row">
	            	<div class="mk_document_col mk_document_col_tree">
            		</div>
            		<div class="mk_document_col mk_document_col_preview">
            			<div class="mk_document_preview" />
            		</div>
            	</div>
            </div>
        </div>
    </t>

</templates>