<?xml version="1.0" encoding="UTF-8"?>

<!--

    Copyright (c) 2017-2019 MuK IT GmbH.

    This file is part of MuK Documents Actions 
    (see https://mukit.at).

    This program is free software: you can redistribute it and/or modify
    it under the terms of the GNU Affero General Public License as
    published by the Free Software Foundation, either version 3 of the
    License, or (at your option) any later version.

    This program is distributed in the hope that it will be useful,
    but WITHOUT ANY WARRANTY; without even the implied warranty of
    MERCHANTABILITY or FITNESS FOR A PARTICULAR PURPOSE.  See the
    GNU Affero General Public License for more details.

    You should have received a copy of the GNU Affero General Public License
    along with this program. If not, see <http://www.gnu.org/licenses/>.

  -->

<templates xml:space="preserve">

<t t-name="muk_dms_actions.KanbanFileActions">
	<div role="menuitem" class="col-12">
		<button type="button" role="button" class="btn btn-block" data-toggle="collapse">
			<i class="fa fa-cogs" /> Custom Operations <i class="fa fa-caret-down" />
		</button>
		<div class="collapse">
			<div t-attf-class="row mt-2 #{actions_left.length > 0 ? 'border-top' : ''}">
				<div t-if="actions_left.length > 0" class="col-6 mk_file_kanban_collapse_left mt-1">
					<t t-foreach="actions_left" t-as="action">
						<a role="menuitem" class="dropdown-item o_text_overflow" t-att-data-id="action.id">
							<t t-esc="action.display_name" />
						</a>
					</t>
				</div>
				<div t-if="actions_right.length > 0" class="col-6 mk_file_kanban_collapse_right border-left mt-1">	
					<t t-foreach="actions_right" t-as="action">
						<a role="menuitem" class="dropdown-item o_text_overflow" t-att-data-id="action.id">
							<t t-esc="action.display_name" />
						</a>
					</t>
				</div>
				<div t-if="action_center" class="col-12 mk_file_kanban_collapse_center border-top mt-1 pt-1">
					<a role="menuitem" class="dropdown-item text-center o_text_overflow" t-att-data-id="action_center.id">
						<t t-esc="action_center.display_name" />
					</a>
				</div>
			</div>
		</div>
	</div>
</t>

<t t-name="muk_dms_actions.ListFileActions">
	<button type="button" class="btn btn-primary btn-block dropdown-toggle" data-toggle="dropdown">
		Operations
	</button>
	<div class="dropdown-menu">
		<t t-foreach="actions" t-as="action">
			<a class="dropdown-item" t-att-data-id="action.id">
				<t t-esc="action.display_name" />
			</a>
		</t>
	</div>
</t>

<t t-name="muk_dms_actions.FormFileActions">
	<button type="button" class="btn btn-primary dropdown-toggle" data-toggle="dropdown">
		Operations
	</button>
	<div class="dropdown-menu">
		<t t-foreach="actions" t-as="action">
			<a class="dropdown-item" t-att-data-id="action.id">
				<t t-esc="action.display_name" />
			</a>
		</t>
	</div>
</t>
	
</templates>