<?xml version="1.0" encoding="utf-8"?>

<!--

    Copyright (c) 2017-2019 MuK IT GmbH.

    This file is part of MuK Documents Actions 
    (see https://mukit.at).

    This program is free software: you can redistribute it and/or modify
    it under the terms of the GNU Affero General Public License as
    published by the Free Software Foundation, either version 3 of the
    License, or (at your option) any later version.

    This program is distributed in the hope that it will be useful,
    but WITHOUT ANY WARRANTY; without even the implied warranty of
    MERCHANTABILITY or FITNESS FOR A PARTICULAR PURPOSE.  See the
    GNU Affero General Public License for more details.

    You should have received a copy of the GNU Affero General Public License
    along with this program. If not, see <http://www.gnu.org/licenses/>.

  -->

<odoo noupdate="1">

	<record id="action_01_demo" model="muk_dms_actions.action">
        <field name="name">Create a new Partner</field>
        <field name="criteria_domain">[["extension","in",["jpg","jpeg","gif","png"]]]</field>
        <field name="state">create_partner</field>
    </record>
    
</odoo>