<?xml version="1.0" encoding="UTF-8"?>

<!--

    Copyright (c) 2017-2019 MuK IT GmbH.

    This file is part of MuK Documents 
    (see https://mukit.at).

    This program is free software: you can redistribute it and/or modify
    it under the terms of the GNU Lesser General Public License as published by
    the Free Software Foundation, either version 3 of the License, or
    (at your option) any later version.

    This program is distributed in the hope that it will be useful,
    but WITHOUT ANY WARRANTY; without even the implied warranty of
    MERCHANTABILITY or FITNESS FOR A PARTICULAR PURPOSE.  See the
    GNU Lesser General Public License for more details.

    You should have received a copy of the GNU Lesser General Public License
    along with this program. If not, see <http://www.gnu.org/licenses/>.

  -->

<odoo>

<record id="action_dms_attachment_migrate" model="ir.actions.server">
	<field name="name">Migrate</field>
	<field name="model_id" ref="model_muk_dms_file" />
	<field name="binding_model_id" ref="muk_dms.model_muk_dms_file" />
	<field name="state">code</field>
	<field name="code">records.action_migrate()</field>
</record>
	
</odoo>
