<?xml version="1.0" encoding="UTF-8"?>

<!--

    Copyright (c) 2017-2019 MuK IT GmbH.

    This file is part of MuK Documents View 
    (see https://mukit.at).

    This program is free software: you can redistribute it and/or modify
    it under the terms of the GNU Lesser General Public License as published by
    the Free Software Foundation, either version 3 of the License, or
    (at your option) any later version.

    This program is distributed in the hope that it will be useful,
    but WITHOUT ANY WARRANTY; without even the implied warranty of
    MERCHANTABILITY or FITNESS FOR A PARTICULAR PURPOSE.  See the
    GNU Lesser General Public License for more details.

    You should have received a copy of the GNU Lesser General Public License
    along with this program. If not, see <http://www.gnu.org/licenses/>.

  -->

<templates xml:space="preserve">

    <t t-name="muk_dms.DocumentFileInfoDialog">
		<div class="mk_info_dialog mk_info_file row">
			<div class="col-sm-3 d-none d-sm-block mk_info_file_icon text-center"> 
            	<img class="w-100 h-100" t-att-src="record.thumbnail_link" />
            </div>
            <div class=" col-sm-9"> 
            	<table class="table mk_info_file_table">
            		<tbody>
	                     <tr>
	                       <td class="border-0">Name:</td>
	                       <td class="border-0"><t t-esc="record.name"/></td>
	                     </tr>
	                     <tr>
	                       <td>Mimetype:</td>
	                       <td><t t-esc="record.mimetype"/></td>
	                     </tr>
	                     <tr>
	                       <td>Size:</td>
	                       <td><t t-esc="record.size"/></td>
	                     </tr>
	                     <tr>
	                       <td>Last Updated on:</td>
	                       <td><t t-esc="record.write_date"/></td>
	                     </tr>
	                     <tr>
	                       <td>Last Updated by:</td>
	                       <td><t t-esc="record.write_uid"/></td>
	                     </tr>
                   </tbody>
            	</table>
        	</div>
		</div>
	</t>
    
    <t t-name="muk_dms.DocumentDirectoryInfoDialog">
		<div class="mk_info_dialog mk_info_directory row">
			<div class="col-sm-3 d-none d-sm-block mk_info_directory_icon text-center"> 
            	<img class="w-100 h-100" t-att-src="record.thumbnail_link" />
            </div>
            <div class=" col-sm-9"> 
            	<table class="table mk_info_directory_table">
            		<tbody>
	                     <tr>
	                       <td class="border-0">Name:</td>
	                       <td class="border-0"><t t-esc="record.name"/></td>
	                     </tr>
	                     <tr>
	                       <td>Size:</td>
	                       <td><t t-esc="record.size"/></td>
	                     </tr>
	                     <tr>
	                       <td>Last Updated on:</td>
	                       <td><t t-esc="record.write_date"/></td>
	                     </tr>
	                     <tr>
	                       <td>Last Updated by:</td>
	                       <td><t t-esc="record.write_uid"/></td>
	                     </tr>
	                     <tr>
	                       <td>Directories:</td>
	                       <td><t t-esc="record.count_total_directories"/></td>
	                     </tr>
	                     <tr>
	                       <td>Files:</td>
	                       <td><t t-esc="record.count_total_files"/></td>
	                     </tr>
                   </tbody>
            	</table>
        	</div>
		</div>
	</t>
    
</templates>