<?xml version="1.0" encoding="UTF-8"?>

<!--

    Copyright (c) 2017-2019 MuK IT GmbH.

    This file is part of MuK Documents View 
    (see https://mukit.at).

    This program is free software: you can redistribute it and/or modify
    it under the terms of the GNU Lesser General Public License as published by
    the Free Software Foundation, either version 3 of the License, or
    (at your option) any later version.

    This program is distributed in the hope that it will be useful,
    but WITHOUT ANY WARRANTY; without even the implied warranty of
    MERCHANTABILITY or FITNESS FOR A PARTICULAR PURPOSE.  See the
    GNU Lesser General Public License for more details.

    You should have received a copy of the GNU Lesser General Public License
    along with this program. If not, see <http://www.gnu.org/licenses/>.

  -->

<templates xml:space="preserve">
	
	<t t-name="muk_dms.DocumentTreeViewDirectoryPreview">
		<div class="o_preview_directory">
			<div class="o_preview_directory_header">
				<h3><t t-esc="directory.name"/></h3>
			</div>
			<div class="o_preview_directory_body row">
				<div class="col-sm-3 o_preview_directory_icon" align="center"> 
	            	<img class="h-100 w-100" t-att-src="directory.thumbnail_link" />
	            </div>
	            <div class=" col-sm-9"> 
	            	<table class="table o_preview_directory_table">
	            		<tbody>
		                     <tr>
		                       <td>Name:</td>
		                       <td><t t-esc="directory.name"/></td>
		                     </tr>
		                     <tr>
		                       <td>Read:</td>
		                       <td>
		                       		<t t-if="directory.perm_read">
		                       			yes
		                       		</t>
		                       		<t t-else="">
		                       			no
		                       		</t>
		                       </td>
		                     </tr>
		                     <tr>
		                       <td>Create:</td>
		                       <td>
		                       		<t t-if="directory.perm_create">
		                       			yes
		                       		</t>
		                       		<t t-else="">
		                       			no
		                       		</t>
		                       </td>
		                     </tr>
		                     <tr>
		                       <td>Write:</td>
		                       <td>
		                       		<t t-if="directory.perm_write">
		                       			yes
		                       		</t>
		                       		<t t-else="">
		                       			no
		                       		</t>
		                       </td>
		                     </tr>
		                     <tr>
		                       <td>Delete:</td>
		                       <td>
		                       		<t t-if="directory.perm_delete">
		                       			yes
		                       		</t>
		                       		<t t-else="">
		                       			no
		                       		</t>
		                       </td>
		                     </tr>
	                   </tbody>
	            	</table>
	        	</div>
			</div>
		</div>
	</t>

</templates>