<?xml version="1.0" encoding="utf-8"?>

<!--

    Copyright (c) 2017-2019 MuK IT GmbH.

    This file is part of MuK Web Refresh 
    (see https://mukit.at).

    This program is free software: you can redistribute it and/or modify
    it under the terms of the GNU Affero General Public License as
    published by the Free Software Foundation, either version 3 of the
    License, or (at your option) any later version.

    This program is distributed in the hope that it will be useful,
    but WITHOUT ANY WARRANTY; without even the implied warranty of
    MERCHANTABILITY or FITNESS FOR A PARTICULAR PURPOSE.  See the
    GNU Affero General Public License for more details.

    You should have received a copy of the GNU Affero General Public License
    along with this program. If not, see <http://www.gnu.org/licenses/>.

  -->

<odoo noupdate="1">
	
	<record id="base_automation_refresh_partner_on_create" model="base.automation">	  
	    <field name="name">Refresh Partner on Creation</field>  
	    <field name="model_id" ref="base.model_res_partner" />  
	    <field name="state">refresh</field>  
	    <field name="trigger">on_create</field>  
	</record>

	<record id="base_automation_refresh_partner_on_write" model="base.automation">	  
	    <field name="name">Refresh Partner on Update</field>  
	    <field name="model_id" ref="base.model_res_partner" />  
	    <field name="state">refresh</field>  
	    <field name="trigger">on_write</field>  
	</record>
	
	<record id="base_automation_refresh_partner_on_unlink" model="base.automation">	  
	    <field name="name">Refresh Partner on Deletion</field>  
	    <field name="model_id" ref="base.model_res_partner" />  
	    <field name="state">refresh</field>  
	    <field name="trigger">on_unlink</field>  
	</record>

</odoo>