<?xml version="1.0" encoding="UTF-8"?>

<!--

    Copyright (c) 2017-2019 MuK IT GmbH.

    This file is part of MuK Documents 
    (see https://mukit.at).

    This program is free software: you can redistribute it and/or modify
    it under the terms of the GNU Lesser General Public License as published by
    the Free Software Foundation, either version 3 of the License, or
    (at your option) any later version.

    This program is distributed in the hope that it will be useful,
    but WITHOUT ANY WARRANTY; without even the implied warranty of
    MERCHANTABILITY or FITNESS FOR A PARTICULAR PURPOSE.  See the
    GNU Lesser General Public License for more details.

    You should have received a copy of the GNU Lesser General Public License
    along with this program. If not, see <http://www.gnu.org/licenses/>.

  -->

<odoo>

<record  id="category_dms_security" model="ir.module.category">
	<field name="name">Documents</field>
</record>

<record id="group_dms_user" model="res.groups">
	<field name="name">User</field>
	<field name="category_id" ref="category_dms_security" />
</record>

<record id="group_dms_manager" model="res.groups">
	<field name="name">Manager</field>
	<field name="implied_ids" eval="[(4, ref('group_dms_user'))]" />
	<field name="category_id" ref="category_dms_security" />
	<field name="users" eval="[(4, ref('base.user_root')), (4, ref('base.user_admin'))]" />
</record>

<record id="rule_multi_company_storage" model="ir.rule">
    <field name="name">DMS Storage multi-company</field>
    <field name="model_id" ref="model_muk_dms_storage" />
    <field name="global" eval="True" />
    <field name="domain_force">['|',('company','=',False),('company','child_of',[user.company_id.id])]</field>
</record>

<record id="rule_multi_company_directory" model="ir.rule">
    <field name="name">DMS Directory multi-company</field>
    <field name="model_id" ref="model_muk_dms_directory" />
    <field name="global" eval="True" />
    <field name="domain_force">['|',('company','=',False),('company','child_of',[user.company_id.id])]</field>
</record>

<record id="rule_multi_company_file" model="ir.rule">
    <field name="name">File multi-company</field>
    <field name="model_id" ref="model_muk_dms_file" />
    <field name="global" eval="True" />
    <field name="domain_force">['|',('company','=',False),('company','child_of',[user.company_id.id])]</field>
</record>

</odoo>

