<?xml version="1.0" encoding="utf-8"?>

<!--

    Copyright (c) 2017-2019 MuK IT GmbH.

    This file is part of MuK Documents Access 
    (see https://mukit.at).

    This program is free software: you can redistribute it and/or modify
    it under the terms of the GNU Lesser General Public License as published by
    the Free Software Foundation, either version 3 of the License, or
    (at your option) any later version.

    This program is distributed in the hope that it will be useful,
    but WITHOUT ANY WARRANTY; without even the implied warranty of
    MERCHANTABILITY or FITNESS FOR A PARTICULAR PURPOSE.  See the
    GNU Lesser General Public License for more details.

    You should have received a copy of the GNU Lesser General Public License
    along with this program. If not, see <http://www.gnu.org/licenses/>.

  -->

<odoo>
    <data noupdate="1">
	
	<record id="access_group_01_demo" model="muk_security.access_groups">
	    <field name="name">Manager Group (Read)</field>
	    <field name="perm_read" eval="True" />
	    <field name="groups" eval="[(6, 0, [ref('muk_dms.group_dms_manager')])]" />
	</record>
	
	<record id="access_group_02_demo" model="muk_security.access_groups">
	    <field name="name">Manager Group (All Rights)</field>
	    <field name="perm_read" eval="True" />
	    <field name="perm_create" eval="True" />
	    <field name="perm_write" eval="True" />
	    <field name="perm_unlink" eval="True" />
	    <field name="parent_group" ref="muk_dms_access.access_group_01_demo" />
	</record>
	
	<record id="access_group_03_demo" model="muk_security.access_groups">
	    <field name="name">User Group (Read/Write)</field>
	    <field name="perm_read" eval="True" />
	    <field name="perm_write" eval="True" />
	    <field name="groups" eval="[(6, 0, [ref('muk_dms.group_dms_user')])]" />
	</record>
	
	<record id="access_group_04_demo" model="muk_security.access_groups">
	    <field name="name">User Group (All Rights)</field>
	    <field name="perm_read" eval="True" />
	    <field name="perm_create" eval="True" />
	    <field name="perm_write" eval="True" />
	    <field name="perm_unlink" eval="True" />
	    <field name="parent_group" ref="muk_dms_access.access_group_03_demo" />
	</record>
        
	</data>
</odoo>