<?xml version="1.0" encoding="utf-8"?>
<!--

    Copyright (c) 2017-2019 MuK IT GmbH.

    This file is part of MuK Documents Access 
    (see https://mukit.at).

    This program is free software: you can redistribute it and/or modify
    it under the terms of the GNU Lesser General Public License as published by
    the Free Software Foundation, either version 3 of the License, or
    (at your option) any later version.

    This program is distributed in the hope that it will be useful,
    but WITHOUT ANY WARRANTY; without even the implied warranty of
    MERCHANTABILITY or FITNESS FOR A PARTICULAR PURPOSE.  See the
    GNU Lesser General Public License for more details.

    You should have received a copy of the GNU Lesser General Public License
    along with this program. If not, see <http://www.gnu.org/licenses/>.

  -->
<odoo>
    <data noupdate="1">
	
	<record id="directory_access_01_demo" model="muk_dms.directory">
	    <field name="name">Access Documents</field>
	    <field name="is_root_directory" eval="True"/>
	    <field name="root_storage" ref="muk_dms_access.storage_access_demo" />
	    <field name="groups" eval="[(6, 0, [ref('muk_dms_access.access_group_01_demo')])]" />
	    <field name="category" ref="muk_dms.category_01_demo" />
	    <field name="tags" eval="[(6, 0, [ref('muk_dms.tag_07_demo')])]" />
	</record>

	<record id="directory_access_02_demo" model="muk_dms.directory">
	    <field name="name">Data</field>
	    <field name="is_root_directory" eval="False"/>
	    <field name="parent_directory" ref="muk_dms_access.directory_access_01_demo" />
	    <field name="tags" eval="[(6, 0, [ref('muk_dms.tag_02_demo'), ref('muk_dms.tag_06_demo')])]" />
	</record>
	
	<record id="directory_access_03_demo" model="muk_dms.directory">
	    <field name="name">Media</field>
	    <field name="is_root_directory" eval="False"/>
	    <field name="parent_directory" ref="muk_dms_access.directory_access_01_demo" />
	    <field name="groups" eval="[(6, 0, [ref('muk_dms_access.access_group_02_demo')])]" />
	    <field name="category" ref="muk_dms.category_01_demo" />
	    <field name="tags" eval="[(6, 0, [ref('muk_dms.tag_01_demo'), ref('muk_dms.tag_05_demo')])]" />
	</record>
	
	<record id="directory_access_04_demo" model="muk_dms.directory">
	    <field name="name">Original</field>
	    <field name="is_root_directory" eval="False"/>
	    <field name="parent_directory" ref="muk_dms_access.directory_access_03_demo" />
	    <field name="groups" eval="[(6, 0, [ref('muk_dms_access.access_group_03_demo')])]" />
	</record>
	
	<record id="directory_access_05_demo" model="muk_dms.directory">
	    <field name="name">Effect</field>
	    <field name="is_root_directory" eval="False"/>
	    <field name="inherit_groups" eval="False"/>
	    <field name="parent_directory" ref="muk_dms_access.directory_access_03_demo" />
	    <field name="groups" eval="[(6, 0, [ref('muk_dms_access.access_group_04_demo')])]" />
	</record>
	
	<record id="directory_access_06_demo" model="muk_dms.directory">
	    <field name="name">Access Images</field>
	    <field name="is_root_directory" eval="True"/>
	    <field name="root_storage" ref="muk_dms_access.storage_access_demo" />
	    <field name="groups" eval="[(6, 0, [ref('muk_dms_access.access_group_01_demo')])]" />
	    <field name="tags" eval="[(6, 0, [ref('muk_dms.tag_01_demo'), ref('muk_dms.tag_04_demo')])]" />
	</record>
	
	<record id="directory_access_07_demo" model="muk_dms.directory">
	    <field name="name">2017</field>
	    <field name="is_root_directory" eval="False"/>
	    <field name="parent_directory" ref="muk_dms_access.directory_access_06_demo" />
	</record>
	
	<record id="directory_access_08_demo" model="muk_dms.directory">
	    <field name="name">2018</field>
	    <field name="is_root_directory" eval="False"/>
	    <field name="parent_directory" ref="muk_dms_access.directory_access_06_demo" />
	    <field name="groups" eval="[(6, 0, [ref('access_group_03_demo')])]" />
	    <field name="tags" eval="[(6, 0, [ref('muk_dms.tag_02_demo'), ref('muk_dms.tag_06_demo')])]" />
	</record>
	
	</data>
</odoo>