<?xml version="1.0" encoding="utf-8"?>
<!--

    Copyright (c) 2017-2019 MuK IT GmbH.

    This file is part of MuK Documents Access 
    (see https://mukit.at).

    This program is free software: you can redistribute it and/or modify
    it under the terms of the GNU Lesser General Public License as published by
    the Free Software Foundation, either version 3 of the License, or
    (at your option) any later version.

    This program is distributed in the hope that it will be useful,
    but WITHOUT ANY WARRANTY; without even the implied warranty of
    MERCHANTABILITY or FITNESS FOR A PARTICULAR PURPOSE.  See the
    GNU Lesser General Public License for more details.

    You should have received a copy of the GNU Lesser General Public License
    along with this program. If not, see <http://www.gnu.org/licenses/>.

  -->
<odoo>
    <data noupdate="1">
	
	<record id="file_access_01_demo" model="muk_dms.file">	    
		<field name="name">Sample.pdf</field>
	    <field name="directory" ref="muk_dms_access.directory_access_02_demo" />
	    <field name="content" type="base64" file="muk_dms_access/demo/data/sample.pdf"/>
	</record>
	
	<record id="file_access_02_demo" model="muk_dms.file">	    
		<field name="name">Logo.png</field>
	    <field name="directory" ref="muk_dms_access.directory_access_04_demo" />
	    <field name="content" type="base64" file="muk_dms_access/demo/data/image01.png"/>
	</record>
	
	<record id="file_access_03_demo" model="muk_dms.file">	    
		<field name="name">Effect_01.jpg</field>
	    <field name="directory" ref="muk_dms_access.directory_access_05_demo" />
	    <field name="content" type="base64" file="muk_dms_access/demo/data/image02.jpg"/>
	</record>
	
	<record id="file_access_04_demo" model="muk_dms.file">	    
		<field name="name">Effect_02.jpg</field>
	    <field name="directory" ref="muk_dms_access.directory_access_05_demo" />
	    <field name="content" type="base64" file="muk_dms_access/demo/data/image03.jpg"/>
	</record>
	
	<record id="file_access_05_demo" model="muk_dms.file">	    
		<field name="name">Effect_03.jpg</field>
	    <field name="directory" ref="muk_dms_access.directory_access_05_demo" />
	    <field name="content" type="base64" file="muk_dms_access/demo/data/image04.jpg"/>
	</record>
	
	<record id="file_access_06_demo" model="muk_dms.file">	    
		<field name="name">Image_01.jpg</field>
	    <field name="directory" ref="muk_dms_access.directory_access_07_demo" />
	    <field name="content" type="base64" file="muk_dms_access/demo/data/image05.jpg"/>
	</record>
	
	<record id="file_access_07_demo" model="muk_dms.file">	    
		<field name="name">Image_02.jpg</field>
	    <field name="directory" ref="muk_dms_access.directory_access_07_demo" />
	    <field name="content" type="base64" file="muk_dms_access/demo/data/image06.jpg"/>
	</record>
	
	<record id="file_access_08_demo" model="muk_dms.file">	    
		<field name="name">Image_03.jpg</field>
	    <field name="directory" ref="muk_dms_access.directory_access_08_demo" />
	    <field name="content" type="base64" file="muk_dms_access/demo/data/image07.jpg"/>
	</record>

	</data>
</odoo>