<?xml version="1.0" encoding="UTF-8"?>

<!--

    Copyright (c) 2017-2019 MuK IT GmbH.

    This file is part of MuK Preview 
    (see https://mukit.at).

    This program is free software: you can redistribute it and/or modify
    it under the terms of the GNU Lesser General Public License as published by
    the Free Software Foundation, either version 3 of the License, or
    (at your option) any later version.

    This program is distributed in the hope that it will be useful,
    but WITHOUT ANY WARRANTY; without even the implied warranty of
    MERCHANTABILITY or FITNESS FOR A PARTICULAR PURPOSE.  See the
    GNU Lesser General Public License for more details.

    You should have received a copy of the GNU Lesser General Public License
    along with this program. If not, see <http://www.gnu.org/licenses/>.

  -->

<templates>

<t t-name="muk_preview.PreviewLoader">
	<div class="mk_preview_loader">
		<div class="mk_preview_loader_dot" />
		<div class="mk_preview_loader_dot" />
		<div class="mk_preview_loader_dot" />
		<div class="mk_preview_loader_dot" />
		<div class="mk_preview_loader_dot" />
		<div class="mk_preview_loader_dot" />
		<div class="mk_preview_loader_text" 
			t-att-data-loading-text="loading_text"
			t-att-data-loading-text-00="loading_text_00"
			t-att-data-loading-text-25="loading_text_25"
			t-att-data-loading-text-50="loading_text_50"
			t-att-data-loading-text-75="loading_text_75"/>
	</div>
</t>
	
</templates>